{"train_mean": [0.5672250390052795, 0.5512415170669556, 0.4637134373188019], "train_std": [0.242936372756958, 0.24392622709274292, 0.2552417516708374], "imsize": 300, "class_names": ["avocado_ripe", "avocado_unripe", "other"], "accuracy": 0.926829268292683}