{
  "train_mean": [0.5772191882133484, 0.5598416328430176, 0.482499897480011],
  "train_std": [0.243559330701828, 0.247048482298851, 0.25881481170654297],
  "imsize": 250,
  "class_names": ["avocado_ripe", "avocado_unripe", "other"]
}
